<?xml version="1.0" encoding="utf-8" ?>
<dwsync>
<file name="constants.php" server="C:/wamp/www" local="130579568530070367" remote="130579568530000000" />
<file name="connection.php" server="C:/wamp/www" local="130579568718091670" remote="130579568710000000" />
<file name="functions.php" server="C:/wamp/www" local="130580324786043978" remote="130580324780000000" />
<file name="header.php" server="C:/wamp/www" local="130580323400563544" remote="130580323400000000" />
<file name="footer.php" server="C:/wamp/www" local="130580329249889691" remote="130580329240000000" />
<file name="session.php" server="C:/wamp/www" local="130580330385785340" remote="130580330380000000" />
<file name="form_functions.php" server="C:/wamp/www" local="130580331951686838" remote="130580331950000000" />
<file name="constants.php" server="C:/wamp/www/" local="130583868736407509" remote="130583868730000000" />
<file name="session.php" server="C:/wamp/www/" local="130583749666321104" remote="130583749660000000" />
<file name="connection.php" server="C:/wamp/www/" local="130579568718091670" remote="130579568710000000" />
<file name="functions.php" server="C:/wamp/www/" local="130583582528324696" remote="130583582520000000" />
<file name="form_functions.php" server="C:/wamp/www/" local="130580331951686838" remote="130580331950000000" />
<file name="header.php" server="C:/wamp/www/" local="130584423682908760" remote="130584423680000000" />
<file name="footer.php" server="C:/wamp/www/" local="130580329249889691" remote="130580329240000000" />
</dwsync>