<?xml version="1.0" encoding="UTF-8" standalone="yes"?>
<?mso-application progid="Word.Document"?>
<w:wordDocument xmlns:w="http://schemas.microsoft.com/office/word/2003/wordml" xmlns:v="urn:schemas-microsoft-com:vml" xmlns:w10="urn:schemas-microsoft-com:office:word" xmlns:sl="http://schemas.microsoft.com/schemaLibrary/2003/core" xmlns:aml="http://schemas.microsoft.com/aml/2001/core" xmlns:wx="http://schemas.microsoft.com/office/word/2003/auxHint" xmlns:o="urn:schemas-microsoft-com:office:office" xmlns:dt="uuid:C2F41010-65B3-11d1-A29F-00AA00C14882" w:macrosPresent="no" w:embeddedObjPresent="no" w:ocxPresent="no" xml:space="preserve"><o:DocumentProperties><o:Title>1</o:Title><o:Author>user17</o:Author><o:LastAuthor>user17</o:LastAuthor><o:Revision>2</o:Revision><o:TotalTime>20</o:TotalTime><o:Created>2009-11-21T09:26:00Z</o:Created><o:LastSaved>2009-11-21T09:59:00Z</o:LastSaved><o:Pages>1</o:Pages><o:Words>188</o:Words><o:Characters>1077</o:Characters><o:Lines>8</o:Lines><o:Paragraphs>2</o:Paragraphs><o:CharactersWithSpaces>1263</o:CharactersWithSpaces><o:Version>11.5604</o:Version></o:DocumentProperties><w:fonts><w:defaultFonts w:ascii="Times New Roman" w:fareast="Times New Roman" w:h-ansi="Times New Roman" w:cs="Times New Roman"/><w:font w:name="Helvetica"><w:panose-1 w:val="020B0504020202020204"/><w:charset w:val="00"/><w:family w:val="Swiss"/><w:notTrueType/><w:pitch w:val="variable"/><w:sig w:usb-0="00000003" w:usb-1="00000000" w:usb-2="00000000" w:usb-3="00000000" w:csb-0="00000001" w:csb-1="00000000"/></w:font><w:font w:name="Wingdings"><w:panose-1 w:val="05000000000000000000"/><w:charset w:val="02"/><w:family w:val="Auto"/><w:pitch w:val="variable"/><w:sig w:usb-0="00000000" w:usb-1="10000000" w:usb-2="00000000" w:usb-3="00000000" w:csb-0="80000000" w:csb-1="00000000"/></w:font><w:font w:name="Times-Roman"><w:panose-1 w:val="00000000000000000000"/><w:charset w:val="00"/><w:family w:val="Roman"/><w:notTrueType/><w:pitch w:val="default"/><w:sig w:usb-0="00000003" w:usb-1="00000000" w:usb-2="00000000" w:usb-3="00000000" w:csb-0="00000001" w:csb-1="00000000"/></w:font><w:font w:name="Times-Bold"><w:panose-1 w:val="00000000000000000000"/><w:charset w:val="00"/><w:family w:val="Roman"/><w:notTrueType/><w:pitch w:val="default"/><w:sig w:usb-0="00000003" w:usb-1="00000000" w:usb-2="00000000" w:usb-3="00000000" w:csb-0="00000001" w:csb-1="00000000"/></w:font><w:font w:name="Helvetica-Bold"><w:panose-1 w:val="00000000000000000000"/><w:charset w:val="00"/><w:family w:val="Swiss"/><w:notTrueType/><w:pitch w:val="default"/><w:sig w:usb-0="00000003" w:usb-1="00000000" w:usb-2="00000000" w:usb-3="00000000" w:csb-0="00000001" w:csb-1="00000000"/></w:font></w:fonts><w:lists><w:listDef w:listDefId="0"><w:lsid w:val="0FD75100"/><w:plt w:val="HybridMultilevel"/><w:tmpl w:val="8838493C"/><w:lvl w:ilvl="0" w:tplc="D32A6DAA"><w:start w:val="1"/><w:nfc w:val="23"/><w:lvlText w:val=""/><w:lvlJc w:val="left"/><w:pPr><w:tabs><w:tab w:val="list" w:pos="720"/></w:tabs><w:ind w:left="720" w:hanging="360"/></w:pPr><w:rPr><w:rFonts w:ascii="Wingdings" w:h-ansi="Wingdings" w:hint="default"/></w:rPr></w:lvl><w:lvl w:ilvl="1" w:tplc="6FCA32CC" w:tentative="on"><w:start w:val="1"/><w:nfc w:val="23"/><w:lvlText w:val=""/><w:lvlJc w:val="left"/><w:pPr><w:tabs><w:tab w:val="list" w:pos="1440"/></w:tabs><w:ind w:left="1440" w:hanging="360"/></w:pPr><w:rPr><w:rFonts w:ascii="Wingdings" w:h-ansi="Wingdings" w:hint="default"/></w:rPr></w:lvl><w:lvl w:ilvl="2" w:tplc="29920C74" w:tentative="on"><w:start w:val="1"/><w:nfc w:val="23"/><w:lvlText w:val=""/><w:lvlJc w:val="left"/><w:pPr><w:tabs><w:tab w:val="list" w:pos="2160"/></w:tabs><w:ind w:left="2160" w:hanging="360"/></w:pPr><w:rPr><w:rFonts w:ascii="Wingdings" w:h-ansi="Wingdings" w:hint="default"/></w:rPr></w:lvl><w:lvl w:ilvl="3" w:tplc="21BCB2BA" w:tentative="on"><w:start w:val="1"/><w:nfc w:val="23"/><w:lvlText w:val=""/><w:lvlJc w:val="left"/><w:pPr><w:tabs><w:tab w:val="list" w:pos="2880"/></w:tabs><w:ind w:left="2880" w:hanging="360"/></w:pPr><w:rPr><w:rFonts w:ascii="Wingdings" w:h-ansi="Wingdings" w:hint="default"/></w:rPr></w:lvl><w:lvl w:ilvl="4" w:tplc="FA8C9858" w:tentative="on"><w:start w:val="1"/><w:nfc w:val="23"/><w:lvlText w:val=""/><w:lvlJc w:val="left"/><w:pPr><w:tabs><w:tab w:val="list" w:pos="3600"/></w:tabs><w:ind w:left="3600" w:hanging="360"/></w:pPr><w:rPr><w:rFonts w:ascii="Wingdings" w:h-ansi="Wingdings" w:hint="default"/></w:rPr></w:lvl><w:lvl w:ilvl="5" w:tplc="099AA702" w:tentative="on"><w:start w:val="1"/><w:nfc w:val="23"/><w:lvlText w:val=""/><w:lvlJc w:val="left"/><w:pPr><w:tabs><w:tab w:val="list" w:pos="4320"/></w:tabs><w:ind w:left="4320" w:hanging="360"/></w:pPr><w:rPr><w:rFonts w:ascii="Wingdings" w:h-ansi="Wingdings" w:hint="default"/></w:rPr></w:lvl><w:lvl w:ilvl="6" w:tplc="9EEC4B9E" w:tentative="on"><w:start w:val="1"/><w:nfc w:val="23"/><w:lvlText w:val=""/><w:lvlJc w:val="left"/><w:pPr><w:tabs><w:tab w:val="list" w:pos="5040"/></w:tabs><w:ind w:left="5040" w:hanging="360"/></w:pPr><w:rPr><w:rFonts w:ascii="Wingdings" w:h-ansi="Wingdings" w:hint="default"/></w:rPr></w:lvl><w:lvl w:ilvl="7" w:tplc="705CD736" w:tentative="on"><w:start w:val="1"/><w:nfc w:val="23"/><w:lvlText w:val=""/><w:lvlJc w:val="left"/><w:pPr><w:tabs><w:tab w:val="list" w:pos="5760"/></w:tabs><w:ind w:left="5760" w:hanging="360"/></w:pPr><w:rPr><w:rFonts w:ascii="Wingdings" w:h-ansi="Wingdings" w:hint="default"/></w:rPr></w:lvl><w:lvl w:ilvl="8" w:tplc="B1A6B344" w:tentative="on"><w:start w:val="1"/><w:nfc w:val="23"/><w:lvlText w:val=""/><w:lvlJc w:val="left"/><w:pPr><w:tabs><w:tab w:val="list" w:pos="6480"/></w:tabs><w:ind w:left="6480" w:hanging="360"/></w:pPr><w:rPr><w:rFonts w:ascii="Wingdings" w:h-ansi="Wingdings" w:hint="default"/></w:rPr></w:lvl></w:listDef><w:listDef w:listDefId="1"><w:lsid w:val="72E34BF4"/><w:plt w:val="HybridMultilevel"/><w:tmpl w:val="40AC9A46"/><w:lvl w:ilvl="0" w:tplc="D848D51A"><w:start w:val="1"/><w:nfc w:val="23"/><w:lvlText w:val=""/><w:lvlJc w:val="left"/><w:pPr><w:tabs><w:tab w:val="list" w:pos="720"/></w:tabs><w:ind w:left="720" w:hanging="360"/></w:pPr><w:rPr><w:rFonts w:ascii="Wingdings" w:h-ansi="Wingdings" w:hint="default"/></w:rPr></w:lvl><w:lvl w:ilvl="1" w:tplc="EC7253AE" w:tentative="on"><w:start w:val="1"/><w:nfc w:val="23"/><w:lvlText w:val=""/><w:lvlJc w:val="left"/><w:pPr><w:tabs><w:tab w:val="list" w:pos="1440"/></w:tabs><w:ind w:left="1440" w:hanging="360"/></w:pPr><w:rPr><w:rFonts w:ascii="Wingdings" w:h-ansi="Wingdings" w:hint="default"/></w:rPr></w:lvl><w:lvl w:ilvl="2" w:tplc="BA9C8F78" w:tentative="on"><w:start w:val="1"/><w:nfc w:val="23"/><w:lvlText w:val=""/><w:lvlJc w:val="left"/><w:pPr><w:tabs><w:tab w:val="list" w:pos="2160"/></w:tabs><w:ind w:left="2160" w:hanging="360"/></w:pPr><w:rPr><w:rFonts w:ascii="Wingdings" w:h-ansi="Wingdings" w:hint="default"/></w:rPr></w:lvl><w:lvl w:ilvl="3" w:tplc="7818BF4A" w:tentative="on"><w:start w:val="1"/><w:nfc w:val="23"/><w:lvlText w:val=""/><w:lvlJc w:val="left"/><w:pPr><w:tabs><w:tab w:val="list" w:pos="2880"/></w:tabs><w:ind w:left="2880" w:hanging="360"/></w:pPr><w:rPr><w:rFonts w:ascii="Wingdings" w:h-ansi="Wingdings" w:hint="default"/></w:rPr></w:lvl><w:lvl w:ilvl="4" w:tplc="194A845A" w:tentative="on"><w:start w:val="1"/><w:nfc w:val="23"/><w:lvlText w:val=""/><w:lvlJc w:val="left"/><w:pPr><w:tabs><w:tab w:val="list" w:pos="3600"/></w:tabs><w:ind w:left="3600" w:hanging="360"/></w:pPr><w:rPr><w:rFonts w:ascii="Wingdings" w:h-ansi="Wingdings" w:hint="default"/></w:rPr></w:lvl><w:lvl w:ilvl="5" w:tplc="D892D926" w:tentative="on"><w:start w:val="1"/><w:nfc w:val="23"/><w:lvlText w:val=""/><w:lvlJc w:val="left"/><w:pPr><w:tabs><w:tab w:val="list" w:pos="4320"/></w:tabs><w:ind w:left="4320" w:hanging="360"/></w:pPr><w:rPr><w:rFonts w:ascii="Wingdings" w:h-ansi="Wingdings" w:hint="default"/></w:rPr></w:lvl><w:lvl w:ilvl="6" w:tplc="008EACAA" w:tentative="on"><w:start w:val="1"/><w:nfc w:val="23"/><w:lvlText w:val=""/><w:lvlJc w:val="left"/><w:pPr><w:tabs><w:tab w:val="list" w:pos="5040"/></w:tabs><w:ind w:left="5040" w:hanging="360"/></w:pPr><w:rPr><w:rFonts w:ascii="Wingdings" w:h-ansi="Wingdings" w:hint="default"/></w:rPr></w:lvl><w:lvl w:ilvl="7" w:tplc="85126F0C" w:tentative="on"><w:start w:val="1"/><w:nfc w:val="23"/><w:lvlText w:val=""/><w:lvlJc w:val="left"/><w:pPr><w:tabs><w:tab w:val="list" w:pos="5760"/></w:tabs><w:ind w:left="5760" w:hanging="360"/></w:pPr><w:rPr><w:rFonts w:ascii="Wingdings" w:h-ansi="Wingdings" w:hint="default"/></w:rPr></w:lvl><w:lvl w:ilvl="8" w:tplc="78248D9A" w:tentative="on"><w:start w:val="1"/><w:nfc w:val="23"/><w:lvlText w:val=""/><w:lvlJc w:val="left"/><w:pPr><w:tabs><w:tab w:val="list" w:pos="6480"/></w:tabs><w:ind w:left="6480" w:hanging="360"/></w:pPr><w:rPr><w:rFonts w:ascii="Wingdings" w:h-ansi="Wingdings" w:hint="default"/></w:rPr></w:lvl></w:listDef><w:listDef w:listDefId="2"><w:lsid w:val="794931A1"/><w:plt w:val="HybridMultilevel"/><w:tmpl w:val="377C0ACE"/><w:lvl w:ilvl="0" w:tplc="FDB4A656"><w:start w:val="1"/><w:nfc w:val="23"/><w:lvlText w:val=""/><w:lvlJc w:val="left"/><w:pPr><w:tabs><w:tab w:val="list" w:pos="720"/></w:tabs><w:ind w:left="720" w:hanging="360"/></w:pPr><w:rPr><w:rFonts w:ascii="Wingdings" w:h-ansi="Wingdings" w:hint="default"/></w:rPr></w:lvl><w:lvl w:ilvl="1" w:tplc="CF64E9E6" w:tentative="on"><w:start w:val="1"/><w:nfc w:val="23"/><w:lvlText w:val=""/><w:lvlJc w:val="left"/><w:pPr><w:tabs><w:tab w:val="list" w:pos="1440"/></w:tabs><w:ind w:left="1440" w:hanging="360"/></w:pPr><w:rPr><w:rFonts w:ascii="Wingdings" w:h-ansi="Wingdings" w:hint="default"/></w:rPr></w:lvl><w:lvl w:ilvl="2" w:tplc="B8787A88" w:tentative="on"><w:start w:val="1"/><w:nfc w:val="23"/><w:lvlText w:val=""/><w:lvlJc w:val="left"/><w:pPr><w:tabs><w:tab w:val="list" w:pos="2160"/></w:tabs><w:ind w:left="2160" w:hanging="360"/></w:pPr><w:rPr><w:rFonts w:ascii="Wingdings" w:h-ansi="Wingdings" w:hint="default"/></w:rPr></w:lvl><w:lvl w:ilvl="3" w:tplc="42065548" w:tentative="on"><w:start w:val="1"/><w:nfc w:val="23"/><w:lvlText w:val=""/><w:lvlJc w:val="left"/><w:pPr><w:tabs><w:tab w:val="list" w:pos="2880"/></w:tabs><w:ind w:left="2880" w:hanging="360"/></w:pPr><w:rPr><w:rFonts w:ascii="Wingdings" w:h-ansi="Wingdings" w:hint="default"/></w:rPr></w:lvl><w:lvl w:ilvl="4" w:tplc="315290D2" w:tentative="on"><w:start w:val="1"/><w:nfc w:val="23"/><w:lvlText w:val=""/><w:lvlJc w:val="left"/><w:pPr><w:tabs><w:tab w:val="list" w:pos="3600"/></w:tabs><w:ind w:left="3600" w:hanging="360"/></w:pPr><w:rPr><w:rFonts w:ascii="Wingdings" w:h-ansi="Wingdings" w:hint="default"/></w:rPr></w:lvl><w:lvl w:ilvl="5" w:tplc="5B30D620" w:tentative="on"><w:start w:val="1"/><w:nfc w:val="23"/><w:lvlText w:val=""/><w:lvlJc w:val="left"/><w:pPr><w:tabs><w:tab w:val="list" w:pos="4320"/></w:tabs><w:ind w:left="4320" w:hanging="360"/></w:pPr><w:rPr><w:rFonts w:ascii="Wingdings" w:h-ansi="Wingdings" w:hint="default"/></w:rPr></w:lvl><w:lvl w:ilvl="6" w:tplc="09C6454A" w:tentative="on"><w:start w:val="1"/><w:nfc w:val="23"/><w:lvlText w:val=""/><w:lvlJc w:val="left"/><w:pPr><w:tabs><w:tab w:val="list" w:pos="5040"/></w:tabs><w:ind w:left="5040" w:hanging="360"/></w:pPr><w:rPr><w:rFonts w:ascii="Wingdings" w:h-ansi="Wingdings" w:hint="default"/></w:rPr></w:lvl><w:lvl w:ilvl="7" w:tplc="8A06A540" w:tentative="on"><w:start w:val="1"/><w:nfc w:val="23"/><w:lvlText w:val=""/><w:lvlJc w:val="left"/><w:pPr><w:tabs><w:tab w:val="list" w:pos="5760"/></w:tabs><w:ind w:left="5760" w:hanging="360"/></w:pPr><w:rPr><w:rFonts w:ascii="Wingdings" w:h-ansi="Wingdings" w:hint="default"/></w:rPr></w:lvl><w:lvl w:ilvl="8" w:tplc="09FC6850" w:tentative="on"><w:start w:val="1"/><w:nfc w:val="23"/><w:lvlText w:val=""/><w:lvlJc w:val="left"/><w:pPr><w:tabs><w:tab w:val="list" w:pos="6480"/></w:tabs><w:ind w:left="6480" w:hanging="360"/></w:pPr><w:rPr><w:rFonts w:ascii="Wingdings" w:h-ansi="Wingdings" w:hint="default"/></w:rPr></w:lvl></w:listDef><w:list w:ilfo="1"><w:ilst w:val="2"/></w:list><w:list w:ilfo="2"><w:ilst w:val="1"/></w:list><w:list w:ilfo="3"><w:ilst w:val="0"/></w:list></w:lists><w:styles><w:versionOfBuiltInStylenames w:val="4"/><w:latentStyles w:defLockedState="off" w:latentStyleCount="156"/><w:style w:type="paragraph" w:default="on" w:styleId="Normal"><w:name w:val="Normal"/><w:rsid w:val="00AC595F"/><w:rPr><wx:font wx:val="Times New Roman"/><w:sz w:val="24"/><w:sz-cs w:val="24"/><w:lang w:val="EN-US" w:fareast="EN-US" w:bidi="AR-SA"/></w:rPr></w:style><w:style w:type="character" w:default="on" w:styleId="DefaultParagraphFont"><w:name w:val="Default Paragraph Font"/><w:semiHidden/></w:style><w:style w:type="table" w:default="on" w:styleId="TableNormal"><w:name w:val="Normal Table"/><wx:uiName wx:val="Table Normal"/><w:semiHidden/><w:rPr><wx:font wx:val="Times New Roman"/></w:rPr><w:tblPr><w:tblInd w:w="0" w:type="dxa"/><w:tblCellMar><w:top w:w="0" w:type="dxa"/><w:left w:w="108" w:type="dxa"/><w:bottom w:w="0" w:type="dxa"/><w:right w:w="108" w:type="dxa"/></w:tblCellMar></w:tblPr></w:style><w:style w:type="list" w:default="on" w:styleId="NoList"><w:name w:val="No List"/><w:semiHidden/></w:style></w:styles><w:divs><w:div w:id="50344759"><w:bodyDiv w:val="on"/><w:marLeft w:val="0"/><w:marRight w:val="0"/><w:marTop w:val="0"/><w:marBottom w:val="0"/><w:divBdr><w:top w:val="none" w:sz="0" wx:bdrwidth="0" w:space="0" w:color="auto"/><w:left w:val="none" w:sz="0" wx:bdrwidth="0" w:space="0" w:color="auto"/><w:bottom w:val="none" w:sz="0" wx:bdrwidth="0" w:space="0" w:color="auto"/><w:right w:val="none" w:sz="0" wx:bdrwidth="0" w:space="0" w:color="auto"/></w:divBdr><w:divsChild><w:div w:id="435365147"><w:marLeft w:val="0"/><w:marRight w:val="0"/><w:marTop w:val="0"/><w:marBottom w:val="0"/><w:divBdr><w:top w:val="none" w:sz="0" wx:bdrwidth="0" w:space="0" w:color="auto"/><w:left w:val="none" w:sz="0" wx:bdrwidth="0" w:space="0" w:color="auto"/><w:bottom w:val="none" w:sz="0" wx:bdrwidth="0" w:space="0" w:color="auto"/><w:right w:val="none" w:sz="0" wx:bdrwidth="0" w:space="0" w:color="auto"/></w:divBdr><w:divsChild><w:div w:id="1588659688"><w:marLeft w:val="0"/><w:marRight w:val="0"/><w:marTop w:val="0"/><w:marBottom w:val="0"/><w:divBdr><w:top w:val="none" w:sz="0" wx:bdrwidth="0" w:space="0" w:color="auto"/><w:left w:val="none" w:sz="0" wx:bdrwidth="0" w:space="0" w:color="auto"/><w:bottom w:val="none" w:sz="0" wx:bdrwidth="0" w:space="0" w:color="auto"/><w:right w:val="none" w:sz="0" wx:bdrwidth="0" w:space="0" w:color="auto"/></w:divBdr></w:div></w:divsChild></w:div></w:divsChild></w:div><w:div w:id="388382178"><w:bodyDiv w:val="on"/><w:marLeft w:val="0"/><w:marRight w:val="0"/><w:marTop w:val="0"/><w:marBottom w:val="0"/><w:divBdr><w:top w:val="none" w:sz="0" wx:bdrwidth="0" w:space="0" w:color="auto"/><w:left w:val="none" w:sz="0" wx:bdrwidth="0" w:space="0" w:color="auto"/><w:bottom w:val="none" w:sz="0" wx:bdrwidth="0" w:space="0" w:color="auto"/><w:right w:val="none" w:sz="0" wx:bdrwidth="0" w:space="0" w:color="auto"/></w:divBdr><w:divsChild><w:div w:id="40057667"><w:marLeft w:val="0"/><w:marRight w:val="0"/><w:marTop w:val="0"/><w:marBottom w:val="0"/><w:divBdr><w:top w:val="none" w:sz="0" wx:bdrwidth="0" w:space="0" w:color="auto"/><w:left w:val="none" w:sz="0" wx:bdrwidth="0" w:space="0" w:color="auto"/><w:bottom w:val="none" w:sz="0" wx:bdrwidth="0" w:space="0" w:color="auto"/><w:right w:val="none" w:sz="0" wx:bdrwidth="0" w:space="0" w:color="auto"/></w:divBdr><w:divsChild><w:div w:id="725181557"><w:marLeft w:val="0"/><w:marRight w:val="0"/><w:marTop w:val="0"/><w:marBottom w:val="0"/><w:divBdr><w:top w:val="none" w:sz="0" wx:bdrwidth="0" w:space="0" w:color="auto"/><w:left w:val="none" w:sz="0" wx:bdrwidth="0" w:space="0" w:color="auto"/><w:bottom w:val="none" w:sz="0" wx:bdrwidth="0" w:space="0" w:color="auto"/><w:right w:val="none" w:sz="0" wx:bdrwidth="0" w:space="0" w:color="auto"/></w:divBdr></w:div></w:divsChild></w:div></w:divsChild></w:div><w:div w:id="443958939"><w:bodyDiv w:val="on"/><w:marLeft w:val="0"/><w:marRight w:val="0"/><w:marTop w:val="0"/><w:marBottom w:val="0"/><w:divBdr><w:top w:val="none" w:sz="0" wx:bdrwidth="0" w:space="0" w:color="auto"/><w:left w:val="none" w:sz="0" wx:bdrwidth="0" w:space="0" w:color="auto"/><w:bottom w:val="none" w:sz="0" wx:bdrwidth="0" w:space="0" w:color="auto"/><w:right w:val="none" w:sz="0" wx:bdrwidth="0" w:space="0" w:color="auto"/></w:divBdr><w:divsChild><w:div w:id="725252836"><w:marLeft w:val="0"/><w:marRight w:val="0"/><w:marTop w:val="0"/><w:marBottom w:val="0"/><w:divBdr><w:top w:val="none" w:sz="0" wx:bdrwidth="0" w:space="0" w:color="auto"/><w:left w:val="none" w:sz="0" wx:bdrwidth="0" w:space="0" w:color="auto"/><w:bottom w:val="none" w:sz="0" wx:bdrwidth="0" w:space="0" w:color="auto"/><w:right w:val="none" w:sz="0" wx:bdrwidth="0" w:space="0" w:color="auto"/></w:divBdr></w:div></w:divsChild></w:div><w:div w:id="619410566"><w:bodyDiv w:val="on"/><w:marLeft w:val="0"/><w:marRight w:val="0"/><w:marTop w:val="0"/><w:marBottom w:val="0"/><w:divBdr><w:top w:val="none" w:sz="0" wx:bdrwidth="0" w:space="0" w:color="auto"/><w:left w:val="none" w:sz="0" wx:bdrwidth="0" w:space="0" w:color="auto"/><w:bottom w:val="none" w:sz="0" wx:bdrwidth="0" w:space="0" w:color="auto"/><w:right w:val="none" w:sz="0" wx:bdrwidth="0" w:space="0" w:color="auto"/></w:divBdr><w:divsChild><w:div w:id="1072502917"><w:marLeft w:val="0"/><w:marRight w:val="0"/><w:marTop w:val="0"/><w:marBottom w:val="0"/><w:divBdr><w:top w:val="none" w:sz="0" wx:bdrwidth="0" w:space="0" w:color="auto"/><w:left w:val="none" w:sz="0" wx:bdrwidth="0" w:space="0" w:color="auto"/><w:bottom w:val="none" w:sz="0" wx:bdrwidth="0" w:space="0" w:color="auto"/><w:right w:val="none" w:sz="0" wx:bdrwidth="0" w:space="0" w:color="auto"/></w:divBdr><w:divsChild><w:div w:id="1500467971"><w:marLeft w:val="0"/><w:marRight w:val="0"/><w:marTop w:val="0"/><w:marBottom w:val="0"/><w:divBdr><w:top w:val="none" w:sz="0" wx:bdrwidth="0" w:space="0" w:color="auto"/><w:left w:val="none" w:sz="0" wx:bdrwidth="0" w:space="0" w:color="auto"/><w:bottom w:val="none" w:sz="0" wx:bdrwidth="0" w:space="0" w:color="auto"/><w:right w:val="none" w:sz="0" wx:bdrwidth="0" w:space="0" w:color="auto"/></w:divBdr></w:div></w:divsChild></w:div></w:divsChild></w:div><w:div w:id="794952427"><w:bodyDiv w:val="on"/><w:marLeft w:val="0"/><w:marRight w:val="0"/><w:marTop w:val="0"/><w:marBottom w:val="0"/><w:divBdr><w:top w:val="none" w:sz="0" wx:bdrwidth="0" w:space="0" w:color="auto"/><w:left w:val="none" w:sz="0" wx:bdrwidth="0" w:space="0" w:color="auto"/><w:bottom w:val="none" w:sz="0" wx:bdrwidth="0" w:space="0" w:color="auto"/><w:right w:val="none" w:sz="0" wx:bdrwidth="0" w:space="0" w:color="auto"/></w:divBdr><w:divsChild><w:div w:id="1850635263"><w:marLeft w:val="0"/><w:marRight w:val="0"/><w:marTop w:val="0"/><w:marBottom w:val="0"/><w:divBdr><w:top w:val="none" w:sz="0" wx:bdrwidth="0" w:space="0" w:color="auto"/><w:left w:val="none" w:sz="0" wx:bdrwidth="0" w:space="0" w:color="auto"/><w:bottom w:val="none" w:sz="0" wx:bdrwidth="0" w:space="0" w:color="auto"/><w:right w:val="none" w:sz="0" wx:bdrwidth="0" w:space="0" w:color="auto"/></w:divBdr></w:div></w:divsChild></w:div><w:div w:id="1668174308"><w:bodyDiv w:val="on"/><w:marLeft w:val="0"/><w:marRight w:val="0"/><w:marTop w:val="0"/><w:marBottom w:val="0"/><w:divBdr><w:top w:val="none" w:sz="0" wx:bdrwidth="0" w:space="0" w:color="auto"/><w:left w:val="none" w:sz="0" wx:bdrwidth="0" w:space="0" w:color="auto"/><w:bottom w:val="none" w:sz="0" wx:bdrwidth="0" w:space="0" w:color="auto"/><w:right w:val="none" w:sz="0" wx:bdrwidth="0" w:space="0" w:color="auto"/></w:divBdr><w:divsChild><w:div w:id="713165520"><w:marLeft w:val="0"/><w:marRight w:val="0"/><w:marTop w:val="0"/><w:marBottom w:val="0"/><w:divBdr><w:top w:val="none" w:sz="0" wx:bdrwidth="0" w:space="0" w:color="auto"/><w:left w:val="none" w:sz="0" wx:bdrwidth="0" w:space="0" w:color="auto"/><w:bottom w:val="none" w:sz="0" wx:bdrwidth="0" w:space="0" w:color="auto"/><w:right w:val="none" w:sz="0" wx:bdrwidth="0" w:space="0" w:color="auto"/></w:divBdr></w:div></w:divsChild></w:div></w:divs><w:docPr><w:view w:val="print"/><w:zoom w:percent="100"/><w:doNotEmbedSystemFonts/><w:attachedTemplate w:val=""/><w:defaultTabStop w:val="720"/><w:punctuationKerning/><w:characterSpacingControl w:val="DontCompress"/><w:optimizeForBrowser/><w:validateAgainstSchema/><w:saveInvalidXML w:val="off"/><w:ignoreMixedContent w:val="off"/><w:alwaysShowPlaceholderText w:val="off"/><w:compat><w:breakWrappedTables/><w:snapToGridInCell/><w:wrapTextWithPunct/><w:useAsianBreakRules/><w:dontGrowAutofit/></w:compat></w:docPr><w:body><wx:sect><w:p><w:pPr><w:autoSpaceDE w:val="off"/><w:autoSpaceDN w:val="off"/><w:adjustRightInd w:val="off"/><w:rPr><w:rFonts w:ascii="Times-Roman" w:h-ansi="Times-Roman" w:cs="Times-Roman"/><wx:font wx:val="Times-Roman"/><w:color w:val="000000"/><w:sz w:val="23"/><w:sz-cs w:val="23"/></w:rPr></w:pPr><w:r><w:rPr><w:rFonts w:ascii="Times-Roman" w:h-ansi="Times-Roman" w:cs="Times-Roman"/><wx:font wx:val="Times-Roman"/><w:color w:val="000000"/><w:sz w:val="23"/><w:sz-cs w:val="23"/></w:rPr><w:t>1.. &lt;!ATTLIST ...&gt; declares one or more </w:t></w:r><w:r><w:rPr><w:rFonts w:ascii="Times-Bold" w:h-ansi="Times-Bold" w:cs="Times-Bold"/><wx:font wx:val="Times-Bold"/><w:b/><w:b-cs/><w:color w:val="000000"/><w:sz w:val="23"/><w:sz-cs w:val="23"/></w:rPr><w:t>__attributes__</w:t></w:r><w:r><w:rPr><w:rFonts w:ascii="Times-Roman" w:h-ansi="Times-Roman" w:cs="Times-Roman"/><wx:font wx:val="Times-Roman"/><w:color w:val="000000"/><w:sz w:val="23"/><w:sz-cs w:val="23"/></w:rPr><w:t>.</w:t></w:r></w:p><w:p><w:pPr><w:autoSpaceDE w:val="off"/><w:autoSpaceDN w:val="off"/><w:adjustRightInd w:val="off"/><w:rPr><w:rFonts w:ascii="Times-Roman" w:h-ansi="Times-Roman" w:cs="Times-Roman"/><wx:font wx:val="Times-Roman"/><w:color w:val="000000"/><w:sz w:val="23"/><w:sz-cs w:val="23"/></w:rPr></w:pPr></w:p><w:p><w:pPr><w:autoSpaceDE w:val="off"/><w:autoSpaceDN w:val="off"/><w:adjustRightInd w:val="off"/><w:rPr><w:rFonts w:ascii="Helvetica" w:h-ansi="Helvetica" w:cs="Helvetica"/><wx:font wx:val="Helvetica"/><w:color w:val="000000"/><w:sz w:val="19"/><w:sz-cs w:val="19"/></w:rPr></w:pPr><w:r><w:rPr><w:rFonts w:ascii="Times-Roman" w:h-ansi="Times-Roman" w:cs="Times-Roman"/><wx:font wx:val="Times-Roman"/><w:color w:val="000000"/><w:sz w:val="23"/><w:sz-cs w:val="23"/></w:rPr><w:t>2.</w:t></w:r><w:r><w:rPr><w:rFonts w:ascii="Helvetica" w:h-ansi="Helvetica" w:cs="Helvetica"/><wx:font wx:val="Helvetica"/><w:color w:val="000000"/><w:sz w:val="19"/><w:sz-cs w:val="19"/></w:rPr><w:t>. Comment in XML document is given by</w:t></w:r></w:p><w:p><w:pPr><w:autoSpaceDE w:val="off"/><w:autoSpaceDN w:val="off"/><w:adjustRightInd w:val="off"/><w:rPr><w:rFonts w:ascii="Helvetica" w:h-ansi="Helvetica" w:cs="Helvetica"/><wx:font wx:val="Helvetica"/><w:color w:val="000000"/><w:sz w:val="23"/><w:sz-cs w:val="23"/></w:rPr></w:pPr><w:r><w:rPr><w:rFonts w:ascii="Helvetica" w:h-ansi="Helvetica" w:cs="Helvetica"/><wx:font wx:val="Helvetica"/><w:color w:val="000000"/><w:sz w:val="23"/><w:sz-cs w:val="23"/></w:rPr><w:t>1. &lt;?-- --&gt;</w:t></w:r></w:p><w:p><w:pPr><w:autoSpaceDE w:val="off"/><w:autoSpaceDN w:val="off"/><w:adjustRightInd w:val="off"/><w:rPr><w:rFonts w:ascii="Helvetica" w:h-ansi="Helvetica" w:cs="Helvetica"/><wx:font wx:val="Helvetica"/><w:color w:val="000000"/><w:sz w:val="23"/><w:sz-cs w:val="23"/></w:rPr></w:pPr><w:r><w:rPr><w:rFonts w:ascii="Helvetica" w:h-ansi="Helvetica" w:cs="Helvetica"/><wx:font wx:val="Helvetica"/><w:color w:val="000000"/><w:sz w:val="23"/><w:sz-cs w:val="23"/></w:rPr><w:t>2. &lt;!-- --!&gt;</w:t></w:r></w:p><w:p><w:pPr><w:autoSpaceDE w:val="off"/><w:autoSpaceDN w:val="off"/><w:adjustRightInd w:val="off"/><w:rPr><w:rFonts w:ascii="Helvetica-Bold" w:h-ansi="Helvetica-Bold" w:cs="Helvetica-Bold"/><wx:font wx:val="Helvetica-Bold"/><w:b/><w:b-cs/><w:color w:val="000000"/><w:sz w:val="23"/><w:sz-cs w:val="23"/></w:rPr></w:pPr><w:r><w:rPr><w:rFonts w:ascii="Helvetica-Bold" w:h-ansi="Helvetica-Bold" w:cs="Helvetica-Bold"/><wx:font wx:val="Helvetica-Bold"/><w:b/><w:b-cs/><w:color w:val="000000"/><w:sz w:val="23"/><w:sz-cs w:val="23"/></w:rPr><w:t>3. &lt;!-- --&gt;</w:t></w:r></w:p><w:p><w:pPr><w:autoSpaceDE w:val="off"/><w:autoSpaceDN w:val="off"/><w:adjustRightInd w:val="off"/><w:rPr><w:rFonts w:ascii="Helvetica" w:h-ansi="Helvetica" w:cs="Helvetica"/><wx:font wx:val="Helvetica"/><w:color w:val="000000"/><w:sz w:val="23"/><w:sz-cs w:val="23"/></w:rPr></w:pPr><w:r><w:rPr><w:rFonts w:ascii="Helvetica" w:h-ansi="Helvetica" w:cs="Helvetica"/><wx:font wx:val="Helvetica"/><w:color w:val="000000"/><w:sz w:val="23"/><w:sz-cs w:val="23"/></w:rPr><w:t>4. &lt;/-- -- &gt;</w:t></w:r></w:p><w:p><w:pPr><w:autoSpaceDE w:val="off"/><w:autoSpaceDN w:val="off"/><w:adjustRightInd w:val="off"/><w:rPr><w:rFonts w:ascii="Times-Roman" w:h-ansi="Times-Roman" w:cs="Times-Roman"/><wx:font wx:val="Times-Roman"/><w:color w:val="000000"/><w:sz w:val="23"/><w:sz-cs w:val="23"/></w:rPr></w:pPr></w:p><w:p><w:pPr><w:autoSpaceDE w:val="off"/><w:autoSpaceDN w:val="off"/><w:adjustRightInd w:val="off"/><w:rPr><w:rFonts w:ascii="Times-Roman" w:h-ansi="Times-Roman" w:cs="Times-Roman"/><wx:font wx:val="Times-Roman"/><w:color w:val="000000"/><w:sz w:val="23"/><w:sz-cs w:val="23"/></w:rPr></w:pPr><w:r><w:rPr><w:rFonts w:ascii="Times-Roman" w:h-ansi="Times-Roman" w:cs="Times-Roman"/><wx:font wx:val="Times-Roman"/><w:color w:val="000000"/><w:sz w:val="23"/><w:sz-cs w:val="23"/></w:rPr><w:t>3.. Simple type Built into Schema “ data’ represent a data in</w:t></w:r></w:p><w:p><w:pPr><w:autoSpaceDE w:val="off"/><w:autoSpaceDN w:val="off"/><w:adjustRightInd w:val="off"/><w:rPr><w:rFonts w:ascii="Times-Roman" w:h-ansi="Times-Roman" w:cs="Times-Roman"/><wx:font wx:val="Times-Roman"/><w:color w:val="000000"/><w:sz w:val="23"/><w:sz-cs w:val="23"/></w:rPr></w:pPr><w:r><w:rPr><w:rFonts w:ascii="Times-Roman" w:h-ansi="Times-Roman" w:cs="Times-Roman"/><wx:font wx:val="Times-Roman"/><w:color w:val="000000"/><w:sz w:val="23"/><w:sz-cs w:val="23"/></w:rPr><w:t>(1) MM-DD-YY</w:t></w:r></w:p><w:p><w:pPr><w:autoSpaceDE w:val="off"/><w:autoSpaceDN w:val="off"/><w:adjustRightInd w:val="off"/><w:rPr><w:rFonts w:ascii="Times-Roman" w:h-ansi="Times-Roman" w:cs="Times-Roman"/><wx:font wx:val="Times-Roman"/><w:color w:val="000000"/><w:sz w:val="23"/><w:sz-cs w:val="23"/></w:rPr></w:pPr><w:r><w:rPr><w:rFonts w:ascii="Times-Roman" w:h-ansi="Times-Roman" w:cs="Times-Roman"/><wx:font wx:val="Times-Roman"/><w:color w:val="000000"/><w:sz w:val="23"/><w:sz-cs w:val="23"/></w:rPr><w:t>(2) Dd-MM-YY</w:t></w:r></w:p><w:p><w:pPr><w:autoSpaceDE w:val="off"/><w:autoSpaceDN w:val="off"/><w:adjustRightInd w:val="off"/><w:rPr><w:rFonts w:ascii="Times-Roman" w:h-ansi="Times-Roman" w:cs="Times-Roman"/><wx:font wx:val="Times-Roman"/><w:color w:val="000000"/><w:sz w:val="23"/><w:sz-cs w:val="23"/></w:rPr></w:pPr><w:r><w:rPr><w:rFonts w:ascii="Times-Roman" w:h-ansi="Times-Roman" w:cs="Times-Roman"/><wx:font wx:val="Times-Roman"/><w:color w:val="000000"/><w:sz w:val="23"/><w:sz-cs w:val="23"/></w:rPr><w:t>(3) YY-MM-DD</w:t></w:r></w:p><w:p><w:pPr><w:autoSpaceDE w:val="off"/><w:autoSpaceDN w:val="off"/><w:adjustRightInd w:val="off"/><w:rPr><w:rFonts w:ascii="Times-Bold" w:h-ansi="Times-Bold" w:cs="Times-Bold"/><wx:font wx:val="Times-Bold"/><w:b/><w:b-cs/><w:color w:val="000000"/><w:sz w:val="23"/><w:sz-cs w:val="23"/></w:rPr></w:pPr><w:r><w:rPr><w:rFonts w:ascii="Times-Bold" w:h-ansi="Times-Bold" w:cs="Times-Bold"/><wx:font wx:val="Times-Bold"/><w:b/><w:b-cs/><w:color w:val="000000"/><w:sz w:val="23"/><w:sz-cs w:val="23"/></w:rPr><w:t>(4) YYYY-MM-DD</w:t></w:r></w:p><w:p><w:pPr><w:autoSpaceDE w:val="off"/><w:autoSpaceDN w:val="off"/><w:adjustRightInd w:val="off"/><w:rPr><w:rFonts w:ascii="Helvetica" w:h-ansi="Helvetica" w:cs="Helvetica"/><wx:font wx:val="Helvetica"/><w:color w:val="000000"/><w:sz w:val="19"/><w:sz-cs w:val="19"/></w:rPr></w:pPr></w:p><w:p><w:pPr><w:autoSpaceDE w:val="off"/><w:autoSpaceDN w:val="off"/><w:adjustRightInd w:val="off"/><w:rPr><w:rFonts w:ascii="Helvetica" w:h-ansi="Helvetica" w:cs="Helvetica"/><wx:font wx:val="Helvetica"/><w:color w:val="000000"/><w:sz w:val="19"/><w:sz-cs w:val="19"/></w:rPr></w:pPr><w:r><w:rPr><w:rFonts w:ascii="Helvetica" w:h-ansi="Helvetica" w:cs="Helvetica"/><wx:font wx:val="Helvetica"/><w:color w:val="000000"/><w:sz w:val="19"/><w:sz-cs w:val="19"/></w:rPr><w:t>4. Identify the most accurate statement about the application of XML:</w:t></w:r></w:p><w:p><w:pPr><w:autoSpaceDE w:val="off"/><w:autoSpaceDN w:val="off"/><w:adjustRightInd w:val="off"/><w:rPr><w:rFonts w:ascii="Helvetica" w:h-ansi="Helvetica" w:cs="Helvetica"/><wx:font wx:val="Helvetica"/><w:color w:val="000000"/><w:sz w:val="23"/><w:sz-cs w:val="23"/></w:rPr></w:pPr><w:r><w:rPr><w:rFonts w:ascii="Helvetica" w:h-ansi="Helvetica" w:cs="Helvetica"/><wx:font wx:val="Helvetica"/><w:color w:val="000000"/><w:sz w:val="23"/><w:sz-cs w:val="23"/></w:rPr><w:t>1. XML must be used to produce XML and HTML output.</w:t></w:r></w:p><w:p><w:pPr><w:autoSpaceDE w:val="off"/><w:autoSpaceDN w:val="off"/><w:adjustRightInd w:val="off"/><w:rPr><w:rFonts w:ascii="Helvetica" w:h-ansi="Helvetica" w:cs="Helvetica"/><wx:font wx:val="Helvetica"/><w:color w:val="000000"/><w:sz w:val="23"/><w:sz-cs w:val="23"/></w:rPr></w:pPr><w:r><w:rPr><w:rFonts w:ascii="Helvetica" w:h-ansi="Helvetica" w:cs="Helvetica"/><wx:font wx:val="Helvetica"/><w:color w:val="000000"/><w:sz w:val="23"/><w:sz-cs w:val="23"/></w:rPr><w:t>2. XML cannot specify or contain presentation information.</w:t></w:r></w:p><w:p><w:pPr><w:autoSpaceDE w:val="off"/><w:autoSpaceDN w:val="off"/><w:adjustRightInd w:val="off"/><w:rPr><w:rFonts w:ascii="Helvetica" w:h-ansi="Helvetica" w:cs="Helvetica"/><wx:font wx:val="Helvetica"/><w:color w:val="000000"/><w:sz w:val="23"/><w:sz-cs w:val="23"/></w:rPr></w:pPr></w:p><w:p><w:pPr><w:autoSpaceDE w:val="off"/><w:autoSpaceDN w:val="off"/><w:adjustRightInd w:val="off"/><w:rPr><w:rFonts w:ascii="Helvetica" w:h-ansi="Helvetica" w:cs="Helvetica"/><wx:font wx:val="Helvetica"/><w:color w:val="000000"/><w:sz w:val="23"/><w:sz-cs w:val="23"/></w:rPr></w:pPr><w:r><w:rPr><w:rFonts w:ascii="Helvetica" w:h-ansi="Helvetica" w:cs="Helvetica"/><wx:font wx:val="Helvetica"/><w:color w:val="000000"/><w:sz w:val="23"/><w:sz-cs w:val="23"/></w:rPr><w:t>5.</w:t></w:r><w:r><w:rPr><w:rFonts w:ascii="Helvetica-Bold" w:h-ansi="Helvetica-Bold" w:cs="Helvetica-Bold"/><wx:font wx:val="Helvetica-Bold"/><w:b/><w:b-cs/><w:color w:val="000000"/><w:sz w:val="23"/><w:sz-cs w:val="23"/></w:rPr><w:t> XML is used to describe hierarchically organized information.</w:t></w:r></w:p><w:p><w:pPr><w:autoSpaceDE w:val="off"/><w:autoSpaceDN w:val="off"/><w:adjustRightInd w:val="off"/><w:rPr><w:rFonts w:ascii="Helvetica" w:h-ansi="Helvetica" w:cs="Helvetica"/><wx:font wx:val="Helvetica"/><w:color w:val="000000"/><w:sz w:val="23"/><w:sz-cs w:val="23"/></w:rPr></w:pPr></w:p><w:p><w:pPr><w:autoSpaceDE w:val="off"/><w:autoSpaceDN w:val="off"/><w:adjustRightInd w:val="off"/><w:rPr><w:rFonts w:ascii="Helvetica" w:h-ansi="Helvetica" w:cs="Helvetica"/><wx:font wx:val="Helvetica"/><w:color w:val="000000"/><w:sz w:val="23"/><w:sz-cs w:val="23"/></w:rPr></w:pPr><w:r><w:rPr><w:rFonts w:ascii="Helvetica" w:h-ansi="Helvetica" w:cs="Helvetica"/><wx:font wx:val="Helvetica"/><w:color w:val="000000"/><w:sz w:val="23"/><w:sz-cs w:val="23"/></w:rPr><w:t>6 XML performs the conversion of information between different e-business</w:t></w:r></w:p><w:p><w:pPr><w:autoSpaceDE w:val="off"/><w:autoSpaceDN w:val="off"/><w:adjustRightInd w:val="off"/><w:rPr><w:rFonts w:ascii="Helvetica" w:h-ansi="Helvetica" w:cs="Helvetica"/><wx:font wx:val="Helvetica"/><w:color w:val="000000"/><w:sz w:val="23"/><w:sz-cs w:val="23"/></w:rPr></w:pPr><w:r><w:rPr><w:rFonts w:ascii="Helvetica" w:h-ansi="Helvetica" w:cs="Helvetica"/><wx:font wx:val="Helvetica"/><w:color w:val="000000"/><w:sz w:val="23"/><w:sz-cs w:val="23"/></w:rPr><w:t>applications.</w:t></w:r></w:p><w:p><w:pPr><w:autoSpaceDE w:val="off"/><w:autoSpaceDN w:val="off"/><w:adjustRightInd w:val="off"/><w:rPr><w:rFonts w:ascii="Helvetica" w:h-ansi="Helvetica" w:cs="Helvetica"/><wx:font wx:val="Helvetica"/><w:color w:val="000000"/><w:sz w:val="23"/><w:sz-cs w:val="23"/></w:rPr></w:pPr></w:p><w:p><w:pPr><w:autoSpaceDE w:val="off"/><w:autoSpaceDN w:val="off"/><w:adjustRightInd w:val="off"/><w:rPr><w:rFonts w:ascii="Times-Roman" w:h-ansi="Times-Roman" w:cs="Times-Roman"/><wx:font wx:val="Times-Roman"/><w:color w:val="000000"/><w:sz w:val="23"/><w:sz-cs w:val="23"/></w:rPr></w:pPr><w:r><w:rPr><w:rFonts w:ascii="Times-Roman" w:h-ansi="Times-Roman" w:cs="Times-Roman"/><wx:font wx:val="Times-Roman"/><w:color w:val="000000"/><w:sz w:val="23"/><w:sz-cs w:val="23"/></w:rPr><w:t>7.Which of the following instruct the browser which stylesheet to use</w:t></w:r></w:p><w:p><w:pPr><w:autoSpaceDE w:val="off"/><w:autoSpaceDN w:val="off"/><w:adjustRightInd w:val="off"/><w:rPr><w:rFonts w:ascii="Times-Roman" w:h-ansi="Times-Roman" w:cs="Times-Roman"/><wx:font wx:val="Times-Roman"/><w:color w:val="000000"/><w:sz w:val="23"/><w:sz-cs w:val="23"/></w:rPr></w:pPr><w:r><w:rPr><w:rFonts w:ascii="Times-Roman" w:h-ansi="Times-Roman" w:cs="Times-Roman"/><wx:font wx:val="Times-Roman"/><w:color w:val="000000"/><w:sz w:val="23"/><w:sz-cs w:val="23"/></w:rPr><w:t>1. &lt;xml-stylesheet type="text/xsl" href="cd.xsl"&gt;</w:t></w:r></w:p><w:p><w:pPr><w:autoSpaceDE w:val="off"/><w:autoSpaceDN w:val="off"/><w:adjustRightInd w:val="off"/><w:rPr><w:rFonts w:ascii="Times-Roman" w:h-ansi="Times-Roman" w:cs="Times-Roman"/><wx:font wx:val="Times-Roman"/><w:color w:val="000000"/><w:sz w:val="23"/><w:sz-cs w:val="23"/></w:rPr></w:pPr><w:r><w:rPr><w:rFonts w:ascii="Times-Roman" w:h-ansi="Times-Roman" w:cs="Times-Roman"/><wx:font wx:val="Times-Roman"/><w:color w:val="000000"/><w:sz w:val="23"/><w:sz-cs w:val="23"/></w:rPr><w:t>2. &lt;xml-stylesheet type="text/xsl" xsl="cd.xsl"&gt;</w:t></w:r></w:p><w:p><w:pPr><w:autoSpaceDE w:val="off"/><w:autoSpaceDN w:val="off"/><w:adjustRightInd w:val="off"/><w:rPr><w:rFonts w:ascii="Times-Bold" w:h-ansi="Times-Bold" w:cs="Times-Bold"/><wx:font wx:val="Times-Bold"/><w:b/><w:b-cs/><w:color w:val="000000"/><w:sz w:val="23"/><w:sz-cs w:val="23"/></w:rPr></w:pPr><w:r><w:rPr><w:rFonts w:ascii="Times-Bold" w:h-ansi="Times-Bold" w:cs="Times-Bold"/><wx:font wx:val="Times-Bold"/><w:b/><w:b-cs/><w:color w:val="000000"/><w:sz w:val="23"/><w:sz-cs w:val="23"/></w:rPr><w:t>3. &lt;?xml-stylesheet type="text/xsl" href="cd.xsl"?&gt;</w:t></w:r></w:p><w:p><w:pPr><w:autoSpaceDE w:val="off"/><w:autoSpaceDN w:val="off"/><w:adjustRightInd w:val="off"/><w:rPr><w:rFonts w:ascii="Times-Roman" w:h-ansi="Times-Roman" w:cs="Times-Roman"/><wx:font wx:val="Times-Roman"/><w:color w:val="000000"/><w:sz w:val="23"/><w:sz-cs w:val="23"/></w:rPr></w:pPr></w:p><w:p><w:pPr><w:autoSpaceDE w:val="off"/><w:autoSpaceDN w:val="off"/><w:adjustRightInd w:val="off"/><w:rPr><w:rFonts w:ascii="Times-Roman" w:h-ansi="Times-Roman" w:cs="Times-Roman"/><wx:font wx:val="Times-Roman"/><w:color w:val="000000"/><w:sz w:val="23"/><w:sz-cs w:val="23"/></w:rPr></w:pPr><w:r><w:rPr><w:rFonts w:ascii="Times-Roman" w:h-ansi="Times-Roman" w:cs="Times-Roman"/><wx:font wx:val="Times-Roman"/><w:color w:val="000000"/><w:sz w:val="23"/><w:sz-cs w:val="23"/></w:rPr><w:t>8 &lt;?xml-stylesheet type="text/xsl" xsl="cd.xsl"?&gt;</w:t></w:r></w:p><w:p><w:pPr><w:autoSpaceDE w:val="off"/><w:autoSpaceDN w:val="off"/><w:adjustRightInd w:val="off"/></w:pPr></w:p><w:p><w:pPr><w:autoSpaceDE w:val="off"/><w:autoSpaceDN w:val="off"/><w:adjustRightInd w:val="off"/></w:pPr><w:r><w:t>9</w:t></w:r><w:r><w:t>&lt;h1&gt;Largest Heading&lt;/h1&gt;</w:t></w:r></w:p><w:p><w:pPr><w:autoSpaceDE w:val="off"/><w:autoSpaceDN w:val="off"/><w:adjustRightInd w:val="off"/></w:pPr></w:p><w:p><w:pPr><w:autoSpaceDE w:val="off"/><w:autoSpaceDN w:val="off"/><w:adjustRightInd w:val="off"/></w:pPr><w:r><w:t>&lt;h2&gt; . . . &lt;/h2&gt;</w:t></w:r></w:p><w:p><w:pPr><w:autoSpaceDE w:val="off"/><w:autoSpaceDN w:val="off"/><w:adjustRightInd w:val="off"/></w:pPr><w:r><w:t>&lt;h3&gt; . . . &lt;/h3&gt;</w:t></w:r></w:p><w:p><w:pPr><w:autoSpaceDE w:val="off"/><w:autoSpaceDN w:val="off"/><w:adjustRightInd w:val="off"/></w:pPr><w:r><w:t>&lt;h4&gt; . . . &lt;/h4&gt;</w:t></w:r></w:p><w:p><w:pPr><w:autoSpaceDE w:val="off"/><w:autoSpaceDN w:val="off"/><w:adjustRightInd w:val="off"/></w:pPr><w:r><w:t>&lt;h5&gt; . . . &lt;/h5&gt;</w:t></w:r></w:p><w:p><w:pPr><w:autoSpaceDE w:val="off"/><w:autoSpaceDN w:val="off"/><w:adjustRightInd w:val="off"/><w:ind w:left="360"/></w:pPr><w:r><w:t>10.PHP stands for </w:t></w:r><w:r><w:rPr><w:b/><w:b-cs/></w:rPr><w:t>P</w:t></w:r><w:r><w:t>HP: </w:t></w:r><w:r><w:rPr><w:b/><w:b-cs/></w:rPr><w:t>H</w:t></w:r><w:r><w:t>ypertext </w:t></w:r><w:r><w:rPr><w:b/><w:b-cs/></w:rPr><w:t>P</w:t></w:r><w:r><w:t>reprocessor </w:t></w:r></w:p><w:p><w:pPr><w:autoSpaceDE w:val="off"/><w:autoSpaceDN w:val="off"/><w:adjustRightInd w:val="off"/></w:pPr></w:p><w:p><w:pPr><w:autoSpaceDE w:val="off"/><w:autoSpaceDN w:val="off"/><w:adjustRightInd w:val="off"/></w:pPr><w:r><w:t>11.How to refer variable in php ans $alive = -1</w:t></w:r></w:p><w:p><w:pPr><w:autoSpaceDE w:val="off"/><w:autoSpaceDN w:val="off"/><w:adjustRightInd w:val="off"/></w:pPr></w:p><w:p><w:pPr><w:autoSpaceDE w:val="off"/><w:autoSpaceDN w:val="off"/><w:adjustRightInd w:val="off"/></w:pPr><w:r><w:t>12.XML is a W3C Recommendation </w:t></w:r></w:p><w:p><w:pPr><w:autoSpaceDE w:val="off"/><w:autoSpaceDN w:val="off"/><w:adjustRightInd w:val="off"/></w:pPr></w:p><w:p><w:pPr><w:autoSpaceDE w:val="off"/><w:autoSpaceDN w:val="off"/><w:adjustRightInd w:val="off"/></w:pPr><w:r><w:t>13.PCDATA is text that WILL be parsed by a parser</w:t></w:r></w:p><w:p><w:pPr><w:autoSpaceDE w:val="off"/><w:autoSpaceDN w:val="off"/><w:adjustRightInd w:val="off"/><w:rPr><w:b/><w:b-cs/></w:rPr></w:pPr></w:p><w:p><w:pPr><w:autoSpaceDE w:val="off"/><w:autoSpaceDN w:val="off"/><w:adjustRightInd w:val="off"/></w:pPr><w:r><w:rPr><w:b/><w:b-cs/></w:rPr><w:t>14XSLT stands for XSL Transformations.</w:t></w:r><w:r><w:t> </w:t></w:r></w:p><w:p><w:pPr><w:autoSpaceDE w:val="off"/><w:autoSpaceDN w:val="off"/><w:adjustRightInd w:val="off"/><w:ind w:left="360"/></w:pPr></w:p><w:p><w:pPr><w:autoSpaceDE w:val="off"/><w:autoSpaceDN w:val="off"/><w:adjustRightInd w:val="off"/><w:ind w:left="360"/></w:pPr><w:r><w:t>          15&lt;xs:attribute name="lang" type="xs:string" default="EN"/&gt; </w:t></w:r></w:p><w:p><w:pPr><w:autoSpaceDE w:val="off"/><w:autoSpaceDN w:val="off"/><w:adjustRightInd w:val="off"/></w:pPr></w:p><w:p><w:pPr><w:autoSpaceDE w:val="off"/><w:autoSpaceDN w:val="off"/><w:adjustRightInd w:val="off"/></w:pPr></w:p><w:sectPr><w:pgSz w:w="12240" w:h="15840"/><w:pgMar w:top="1440" w:right="1800" w:bottom="1440" w:left="1800" w:header="720" w:footer="720" w:gutter="0"/><w:cols w:space="720"/><w:docGrid w:line-pitch="360"/></w:sectPr></wx:sect></w:body></w:wordDocument>